https://budapest-urban-fantasy.blogspot.com/2019/10/prefab-housing-estates-in-mage-budapest.html,http://budapest-urban-fantasy.blogspot.com/posts/2019/10/prefab-housing-estates-in-mage-budapest.html
"tag:blogger.com,1999:blog-4951127273376541075.post-1375977760058928980","http://budapest-urban-fantasy.blogspot.com/posts/blogger.com,1999:blog-4951127273376541075.post-1375977760058928980.html"
https://budapest-urban-fantasy.blogspot.com/2019/08/themes-and-story-ideas.html,http://budapest-urban-fantasy.blogspot.com/posts/2019/08/themes-and-story-ideas.html
https://budapest-urban-fantasy.blogspot.com/2019/07/hardytown-also-known-as-budapest.html,http://budapest-urban-fantasy.blogspot.com/posts/2019/07/hardytown-also-known-as-budapest.html
"tag:blogger.com,1999:blog-4951127273376541075.post-1841226042653028649","http://budapest-urban-fantasy.blogspot.com/posts/blogger.com,1999:blog-4951127273376541075.post-1841226042653028649.html"
https://budapest-urban-fantasy.blogspot.com/2019/07/politics-and-society-in-budapest.html,http://budapest-urban-fantasy.blogspot.com/posts/2019/07/politics-and-society-in-budapest.html
https://budapest-urban-fantasy.blogspot.com/2019/06/the-water-tower-high-rise.html,http://budapest-urban-fantasy.blogspot.com/posts/2019/06/the-water-tower-high-rise.html
https://budapest-urban-fantasy.blogspot.com/2019/05/the-szekeres-bara-life-system.html,http://budapest-urban-fantasy.blogspot.com/posts/2019/05/the-szekeres-bara-life-system.html
https://budapest-urban-fantasy.blogspot.com/2019/05/readily-accessible-cyborg-technology-as.html,http://budapest-urban-fantasy.blogspot.com/posts/2019/05/readily-accessible-cyborg-technology-as.html
https://budapest-urban-fantasy.blogspot.com/2019/05/things-that-go-bump-in-street.html,http://budapest-urban-fantasy.blogspot.com/posts/2019/05/things-that-go-bump-in-street.html
https://budapest-urban-fantasy.blogspot.com/2019/04/the-batthyanyi-circle-traditionalist.html,http://budapest-urban-fantasy.blogspot.com/posts/2019/04/the-batthyanyi-circle-traditionalist.html
https://budapest-urban-fantasy.blogspot.com/2019/04/a-mage-budapest-urbancrawl-dramasystem.html,http://budapest-urban-fantasy.blogspot.com/posts/2019/04/a-mage-budapest-urbancrawl-dramasystem.html
https://budapest-urban-fantasy.blogspot.com/2019/04/the-margit-sziget-magick-market.html,http://budapest-urban-fantasy.blogspot.com/posts/2019/04/the-margit-sziget-magick-market.html
https://budapest-urban-fantasy.blogspot.com/2019/04/the-polanyi-tunnel-footbridge.html,http://budapest-urban-fantasy.blogspot.com/posts/2019/04/the-polanyi-tunnel-footbridge.html
https://budapest-urban-fantasy.blogspot.com/2019/04/the-cabal-of-monkey-king-traditionalist.html,http://budapest-urban-fantasy.blogspot.com/posts/2019/04/the-cabal-of-monkey-king-traditionalist.html
https://budapest-urban-fantasy.blogspot.com/2019/03/the-rudas-thermal-baths-location-npc.html,http://budapest-urban-fantasy.blogspot.com/posts/2019/03/the-rudas-thermal-baths-location-npc.html
https://budapest-urban-fantasy.blogspot.com/2019/03/goals-and-obstacles-implied-by-premise.html,http://budapest-urban-fantasy.blogspot.com/posts/2019/03/goals-and-obstacles-implied-by-premise.html
https://budapest-urban-fantasy.blogspot.com/2019/03/characters-implied-by-premise-statement.html,http://budapest-urban-fantasy.blogspot.com/posts/2019/03/characters-implied-by-premise-statement.html
https://budapest-urban-fantasy.blogspot.com/2019/03/fleshing-out-premise-statement.html,http://budapest-urban-fantasy.blogspot.com/posts/2019/03/fleshing-out-premise-statement.html
https://budapest-urban-fantasy.blogspot.com/2019/03/the-circle-collective-traditionalist.html,http://budapest-urban-fantasy.blogspot.com/posts/2019/03/the-circle-collective-traditionalist.html
https://budapest-urban-fantasy.blogspot.com/2019/03/the-schiffer-cabal-traditionalist.html,http://budapest-urban-fantasy.blogspot.com/posts/2019/03/the-schiffer-cabal-traditionalist.html
https://budapest-urban-fantasy.blogspot.com/2019/03/life-imitating-fiction.html,http://budapest-urban-fantasy.blogspot.com/posts/2019/03/life-imitating-fiction.html
https://budapest-urban-fantasy.blogspot.com/2019/03/mood-music-suggestion-for-mage-budapest.html,http://budapest-urban-fantasy.blogspot.com/posts/2019/03/mood-music-suggestion-for-mage-budapest.html
https://budapest-urban-fantasy.blogspot.com/2019/03/the-andrassy-rifts-magical-premise.html,http://budapest-urban-fantasy.blogspot.com/posts/2019/03/the-andrassy-rifts-magical-premise.html
https://budapest-urban-fantasy.blogspot.com/2019/02/the-technocracy-magical-premise.html,http://budapest-urban-fantasy.blogspot.com/posts/2019/02/the-technocracy-magical-premise.html
https://budapest-urban-fantasy.blogspot.com/2019/02/non-magical-setting-premise-disclaimer.html,http://budapest-urban-fantasy.blogspot.com/posts/2019/02/non-magical-setting-premise-disclaimer.html
"tag:blogger.com,1999:blog-4951127273376541075.post-3173202268977409547","http://budapest-urban-fantasy.blogspot.com/posts/blogger.com,1999:blog-4951127273376541075.post-3173202268977409547.html"
"tag:blogger.com,1999:blog-4951127273376541075.page-1369361251352755613","http://budapest-urban-fantasy.blogspot.com/pages/blogger.com,1999:blog-4951127273376541075.page-1369361251352755613.html"
